symbol,price,beta,volAvg,mktCap,changes,companyName,currency,exchangeShortName,industry,sector,country,fullTimeEmployees,image,isEtf,isFund,dividendYielTTM,dividendYielPercentageTTM,peRatioTTM,pegRatioTTM,payoutRatioTTM,currentRatioTTM,quickRatioTTM,cashRatioTTM,daysOfSalesOutstandingTTM,daysOfInventoryOutstandingTTM,operatingCycleTTM,daysOfPayablesOutstandingTTM,cashConversionCycleTTM,grossProfitMarginTTM,operatingProfitMarginTTM,pretaxProfitMarginTTM,netProfitMarginTTM,effectiveTaxRateTTM,returnOnAssetsTTM,returnOnEquityTTM,returnOnCapitalEmployedTTM,netIncomePerEBTTTM,ebtPerEbitTTM,ebitPerRevenueTTM,debtRatioTTM,debtEquityRatioTTM,longTermDebtToCapitalizationTTM,totalDebtToCapitalizationTTM,interestCoverageTTM,cashFlowToDebtRatioTTM,companyEquityMultiplierTTM,receivablesTurnoverTTM,payablesTurnoverTTM,inventoryTurnoverTTM,fixedAssetTurnoverTTM,assetTurnoverTTM,operatingCashFlowPerShareTTM,freeCashFlowPerShareTTM,cashPerShareTTM,operatingCashFlowSalesRatioTTM,freeCashFlowOperatingCashFlowRatioTTM,cashFlowCoverageRatiosTTM,shortTermCoverageRatiosTTM,capitalExpenditureCoverageRatioTTM,dividendPaidAndCapexCoverageRatioTTM,priceBookValueRatioTTM,priceToBookRatioTTM,priceToSalesRatioTTM,priceEarningsRatioTTM,priceToFreeCashFlowsRatioTTM,priceToOperatingCashFlowsRatioTTM,priceCashFlowRatioTTM,priceEarningsToGrowthRatioTTM,priceSalesRatioTTM,dividendYieldTTM,enterpriseValueMultipleTTM,priceFairValueTTM,dividendPerShareTTM,ratingRecommendation,ratingDetailsDCFRecommendation,ratingDetailsROERecommendation,ratingDetailsROARecommendation,ratingDetailsDERecommendation,ratingDetailsPERecommendation,ratingDetailsPBRecommendation,eps
000020.KS,8560.0,1.290388,41886,179972383.68100753,-20.0,"Dongwha Pharm.Co.,Ltd",USD,KSC,Drug Manufacturers—Specialty & Generic,Healthcare,KR,749,https://financialmodelingprep.com/image-stock/000020.KS.png,False,False,0.02102803738317757,2.102803738317757,10.34321701239226,-0.2768016366269742,0.2174975539989027,3.1408930308783285,1.60125081107233,0.6540238715270784,0,109.87651438619055,109.87651438619055,58.73008083663658,-31.63724167291836,0.5294551877318552,0.09954912793743918,0.09920693686071912,0.06893814077113218,0.23069873835191565,0.04889861222619359,0.06538289435275783,0.0838326481648244,0.6948923427392724,0.9965625909155617,0.09954912793743918,0.2059053436970039,0.27027464784057226,0.006214403610712445,0.021175801402249787,89.31427216001599,5.753107111599293,1.312615996204012,0,6.214873107620658,3.321910983789578,2.2231895853568844,0.709311444712908,1604.8022304169242,843.394711828009,4274.076971349894,0.13367892913387794,0.5255443292902807,5.753107111599293,8.09212984854331,2.1076784655226906,1.7046838895257368,0.6638804244709121,0.6638804244709121,0.713042150426667,10.34321701239226,10.149447941994401,5.3339905925829445,5.3339905925829445,0.3111006895091785,0.713042150426667,0.02102803738317757,5.628392179492665,0.6638804244709121,180.0,Buy,Strong Buy,Neutral,Neutral,Neutral,Strong Buy,Buy,0.0
000040.KS,640.0,0.806407,1247606,46733134.454028666,-26.0,"KR Motors Co., Ltd.",USD,KSC,Recreational Vehicles,Consumer Cyclical,KR,51,https://financialmodelingprep.com/image-stock/000040.KS.png,False,False,0.0,0.0,-5.258963944348615,0.32424859502824227,0.0,0.6981587513056301,0.0,0.0,0,0.0,0.0,0.0,0.0,0.11743125079784685,-0.05000308612677989,-0.09113023017154981,-0.07627004894091184,0.0,-0.05728343297529794,-0.2891135975503854,-0.09610773441189022,0.8369346680825435,1.8224921145965767,-0.05000308612677989,0.7428911204374103,4.297486516398883,0.0,0.0,-11.080689097118317,0.0,5.784813410972721,0,0.0,0.0,0.0,0.7510606557978838,-89.49678781188723,-110.37378170882607,0.0,-0.05608951599262516,1.2332708738197407,0.0,0.0,-4.28686180844312,-4.28686180844312,1.742683767173149,1.742683767173149,0.4011014374139596,-5.258963944348615,-6.923305780062158,-7.151094644259325,-7.151094644259325,0.4079327871582453,0.4011014374139596,0.0,-8.502660273880943,1.742683767173149,0.0,Buy,Strong Buy,Sell,Neutral,Strong Buy,Strong Sell,Strong Buy,0.0
000023.SZ,9.29,0.277237,1780735,187491989.6770868,-0.17,"Shenzhen Universe Group Co., Ltd.",USD,SHZ,Real Estate—Development,Real Estate,CN,1021,https://financialmodelingprep.com/image-stock/000023.SZ.png,False,False,0.0,0.0,-9.535238994912966,0.016816534146153063,-0.18824793764186043,1.0766844233761435,0.2047464568116128,0.2047464568116128,0,66.81346441920243,66.81346441920243,444.29666511596116,-427.8221122454729,-0.05606084881362572,-0.19652658682965046,-0.23282066117576516,-0.2078500871359518,0.03706104525721482,-0.07705592924145464,-0.3377648322939685,-0.26016360522575255,0.8927476027526521,1.1846776811809918,-0.19652658682965046,0.7521593721384261,4.167249810885447,0.10762694367099558,0.3749087702565925,-16.422184636691117,0.0,5.540381420812122,0,0.821523159316839,5.462970722636225,4.03097718318667,0.370728395177691,0.0,0.5621204773856293,1.8637975133350075,0.0,0.0,0.0,0.0,0.0,0.0,4.070776972843256,4.070776972843256,1.9819002559547858,-9.535238994912966,16.52418180925617,0.0,0.0,0.06151240784948917,1.9819002559547858,0.0,-10.205839676439867,4.070776972843256,0.0,Buy,Strong Buy,Neutral,Neutral,Strong Buy,Strong Sell,Strong Buy,-0.19
000004.SZ,10.43,0.264834,1817010,201536894.02956223,0.15,"Shenzhen GuoHua Network Security Technology Co., Ltd.",USD,SHZ,Biotechnology,Healthcare,CN,309,https://financialmodelingprep.com/image-stock/000004.SZ.png,False,False,0.0,0.0,-2.713137103251836,0.00299369571298186,0.0,3.4864719803794344,0.7875698311876155,0.7875698311876155,0,69.84225869741006,69.84225869741006,253.43566966807072,-236.2142908111751,0.47970574287700657,-0.15118397194121444,-2.913551077210128,-2.8972620165535115,0.00443835964563175,-0.5692873857911849,-0.6505875326977032,-0.03500507723250565,0.9944092071067399,19.27156060129851,-0.15118397194121444,0.15457937950805772,0.002057294610227671,0.0008207013984043531,0.0020530708386568863,-115.77830576166815,0.0,1.1822483656049882,0,1.4402076885153818,5.226062369794682,42.458555015268765,0.19649150906564902,0.0,0.11243747308669373,0.8050247366963839,0.0,0.0,0.0,0.0,0.0,0.0,1.8260473037151643,1.8260473037151643,7.8606690749535675,-2.713137103251836,79.00821853669402,0.0,0.0,0.1565084065229742,7.8606690749535675,0.0,-2.50713754466735,1.8260473037151643,0.0,Buy,Strong Buy,Neutral,Neutral,Neutral,Strong Sell,Strong Buy,-3.15
000020.SZ,10.08,0.239021,2605013,298174984.52043,-0.19,"Shenzhen Zhongheng Huafa Co., Ltd.",USD,SHZ,Electronic Components,Technology,CN,1133,https://financialmodelingprep.com/image-stock/000020.SZ.png,False,False,0.0,0.0,374.12279275458593,69.35661004142713,0.7498249364885654,1.5922247216610712,0.3862158989436022,0.3862158989436022,0,35.19839143663513,35.19839143663513,64.45813979897599,-55.77908437624404,0.09614677931013083,0.018719648897791197,0.018898133579685727,0.011201112805741122,0.4072899972629255,0.012407327963766318,0.02179933704717014,0.032127183625109336,0.5927100027370743,1.0095346169615174,0.018719648897791197,0.4264141910008035,0.7434183069222358,0.10221199247942178,0.14781398409238808,2.072077132813869,0.0,1.7434183069222358,0,5.6625897231647775,10.369792058738836,3.877118825960523,1.107687082430502,0.0,0.30223128084792267,0.2973808537103517,0.0,0.0,0.0,0.0,0.0,0.0,8.09271100434918,8.09271100434918,4.190591604843025,374.12279275458593,24.003289786379074,0.0,0.0,75.38667870788261,4.190591604843025,0.0,109.18402084137138,8.09271100434918,0.0,Buy,Strong Buy,Neutral,Neutral,Buy,Strong Sell,Strong Buy,0.0254
000007.SZ,7.46,-0.563861,3433799,375917131.61132544,-0.06,"Shenzhen Quanxinhao Co., Ltd.",USD,SHZ,Lodging,Consumer Cyclical,CN,82,https://financialmodelingprep.com/image-stock/000007.SZ.png,False,False,0.0,0.0,77.6620186269189,0.5860162528462532,0.008886369381596914,1.4803678069549178,0.6875601302326473,0.6849565698638429,0,35.05638241826859,35.05638241826859,35.87201615868927,-27.227976658294274,0.15204107015307622,0.027529972486979772,0.12323812608632247,0.12415577746546744,0.03876148637285963,0.07716853794954918,0.32908035143784947,0.033035118201938544,1.0074461646593214,4.476507419126831,0.027529972486979772,0.7629707748540842,0.31945062063355284,0.03808474653485139,0.24210881077168625,-8.42665403625103,0.0,4.678014008352518,0,10.175062321151026,10.411798788736144,5.009650006307334,0.6215460893151973,0.0,0.12610438971936383,0.41254952495581565,0.0,0.0,0.0,0.0,0.0,0.0,28.035639364217857,28.035639364217857,9.642188302162731,77.6620186269189,59.03262393548576,0.0,0.0,-4.611207296625388,9.642188302162731,0.0,79.9200217840154,28.035639364217857,0.0,Strong Buy,Strong Buy,Neutral,Neutral,Strong Buy,Strong Buy,Strong Buy,0.12
000028.SZ,53.4,0.330874,4552544,3038006808.5381193,-1.57,China National Accord Medicines Corporation Ltd.,USD,SHZ,Medical Distribution,Healthcare,CN,39386,https://financialmodelingprep.com/image-stock/000028.SZ.png,False,False,0.011235955056179775,1.1235955056179776,17.436902732006953,-3.8012447955775177,0.40733229114933656,1.3958557303788564,0.22878722004004795,0.22878722004004795,0,47.07041573081275,47.07041573081275,108.40790637122747,-96.80150249239693,0.11595671209930551,0.027079351102811483,0.02672333614321901,0.018002123652771315,0.2408320864856097,0.027599364735914827,0.08142685188955845,0.09251296653283844,0.6736480638604441,0.9868528991614016,0.027079351102811483,0.6007941908419838,1.8143960648907471,0.08115876028993303,0.24745952746535235,7.262545079175402,0.0,3.019996019515367,0,3.3669130990327343,7.754339840280346,21.17016340658335,1.5331171626335363,0.0,4.513581931473406,13.994193488259755,0.0,0.0,0.0,0.0,0.0,0.0,1.4533653482652626,1.4533653482652626,0.3139012791029351,17.436902732006953,10.818833824169682,0.0,0.0,-8.725048848667766,0.3139012791029351,0.011235955056179775,10.590117931566304,1.4533653482652626,0.6,Buy,Strong Buy,Neutral,Neutral,Buy,Strong Buy,Buy,3.47
000037.SZ,7.47,0.462621,4729963,446467578.5734534,-0.07,"Shenzhen Nanshan Power Co., Ltd.",USD,SHZ,Utilities—Regulated Electric,Utilities,CN,382,https://financialmodelingprep.com/image-stock/000037.SZ.png,False,False,0.0,0.0,-8.373390141952425,0.010648091112465697,-0.029333408703402435,1.429133380800964,1.193867956386018,0.5282016879422309,0,35.18059990856594,35.18059990856594,38.86863664887254,-30.19396817826724,-0.27725340452971337,-0.8914885819368641,-0.8920373773712539,-0.7750839839494105,-0.001844473001499455,-0.1886435945960067,-0.34787737328548946,-0.4080080703466742,0.868891824055071,1.0006155944624635,-0.8914885819368641,0.5028512285537866,0.9737140546834463,0.0,0.43660121158563314,-15.550057892469512,0.0,1.9363859515345592,0,9.390604648609088,10.375036268529579,1.1309448283137162,0.24338471507923637,0.0,0.12015880251680476,2.643467677052572,0.0,0.0,0.0,0.0,0.0,0.0,3.058688943885019,3.058688943885019,6.490080590387206,-8.373390141952425,42.36294400216704,0.0,0.0,0.3736229666667485,6.490080590387206,0.0,-5.29856729883904,3.058688943885019,0.0,Buy,Strong Buy,Neutral,Neutral,Buy,Strong Sell,Strong Buy,0.0
000042.SZ,8.36,0.657727,4813673,808412007.608225,-0.1,"Shenzhen Centralcon Investment Holding Co., Ltd.",USD,SHZ,Real Estate—Development,Real Estate,CN,2699,https://financialmodelingprep.com/image-stock/000042.SZ.png,False,False,0.0038277511961722493,0.38277511961722493,34.207558065401805,-1.2788549976394028,6.825685188963623,1.8312651706362233,0.0916368068498685,0.0916368068498685,0,1677.8090159597916,1677.8090159597916,213.96795188639493,199.73838081601946,0.3427378560861039,0.04773675757044906,0.0481404416234538,0.018614919753420812,0.7408358685934123,0.004315196605936304,0.019872798270041993,0.020722183818531303,0.3866794554778598,1.008456461509959,0.04773675757044906,0.7752608210725104,1.6664592855786962,0.5600254121529085,0.624970834766385,0.8814969142158678,0.0,4.531882014809108,0,1.7058629424737153,0.2175456184392963,8.739691304135249,0.23181387097536707,0.0,1.348248387688082,2.4183639099584178,0.0,0.0,0.0,0.0,0.0,0.0,0.6689617018361858,0.6689617018361858,0.6367709483479375,34.207558065401805,6.196268661138556,0.0,0.0,-1.6171211519776463,0.6367709483479375,0.0038277511961722493,-7.061876100604371,0.6689617018361858,0.032,Strong Buy,Strong Buy,Neutral,Neutral,Strong Buy,Strong Buy,Buy,0.0135
000029.SZ,11.5,0.184319,5245268,1491462617.983995,-0.13,"Shenzhen Special Economic Zone Real Estate & Properties (Group) Co., Ltd.",USD,SHZ,Real Estate—Diversified,Real Estate,CN,276,https://financialmodelingprep.com/image-stock/000029.SZ.png,False,False,0.007652173913043478,0.7652173913043477,75.68788082471698,-2.488353069884898,0.0030497615972335714,3.721228501638215,0.45014916970445296,0.1468728515082207,0,4444.291658637254,4444.291658637254,453.71067730544735,642.1420604407248,0.31106141670328924,0.3381980469066882,0.3398621930795347,0.24231170636611546,0.30624043640981213,0.027016700308526292,0.038268808946831184,0.04938994945862944,0.712970466560279,1.0049206262072403,0.3381980469066882,0.24662298709736233,0.35043549651781075,0.01338281221670745,0.02712462335109033,41.88217503569751,0.0,1.4209360637557484,0,0.8044774307885079,0.08212782329229927,29.291042030940837,0.11149564630487152,0.0,-0.6686603584098088,0.5988070287631624,0.0,0.0,0.0,0.0,0.0,0.0,2.9055823439935047,2.9055823439935047,18.34005955387236,75.68788082471698,-15.157795976968536,0.0,0.0,-1.5801455224762482,18.34005955387236,0.007652173913043478,45.98305085277524,2.9055823439935047,0.088,Buy,Strong Buy,Neutral,Neutral,Neutral,Strong Buy,Strong Buy,0.15
000030.SZ,4.7,0.236339,5307386,1157924798.0165205,0.03,FAWER Automotive Parts Limited Company,USD,SHZ,Auto Parts,Consumer Cyclical,CN,7695,https://financialmodelingprep.com/image-stock/000030.SZ.png,False,False,0.06382978723404255,6.382978723404255,28.776270849919012,-4.987886947319291,1.3584340915015274,1.2337866261868964,0.3184801355524948,0.2790924115644517,0,41.27167432674535,41.27167432674535,139.50846310905877,-129.33188587780649,0.08252306928308552,0.024888148336589866,0.03502451641313028,0.03061314976652175,0.05778678146921505,0.02554503795871124,0.051522913041897295,0.03369592719945745,0.8740491775939336,1.4072769070424658,0.024888148336589866,0.4587982120935355,0.1415063780382185,0.0512586768777849,0.12396459692271712,19.592743775257254,0.0,2.1022084116089,0,2.6163287292088255,8.84383795797372,3.7948919930190694,0.8344465745451338,0.0,-0.23097143835978143,0.7812613427320528,0.0,0.0,0.0,0.0,0.0,0.0,1.5453143388058033,1.5453143388058033,0.8809322892505649,28.776270849919012,-14.44536834636363,0.0,0.0,-0.4504738986187937,0.8809322892505649,0.06382978723404255,16.153780544369894,1.5453143388058033,0.3,Strong Buy,Strong Buy,Neutral,Neutral,Buy,Strong Buy,Strong Buy,0.49
000011.SZ,10.2,0.936976,5521792,833316080.3823487,-0.07,ShenZhen Properties & Resources Development (Group) Ltd.,USD,SHZ,Real Estate—Development,Real Estate,CN,9330,https://financialmodelingprep.com/image-stock/000011.SZ.png,False,False,0.06666666666666668,6.666666666666668,33.91898470856254,-0.3391898470856254,1.1047519907057783,1.8279131546230072,0.20218316536207903,0.20218316536207903,0,2024.480643287336,2024.480643287336,112.20231845603406,386.98468947782965,0.4664453483923842,0.208858771493214,0.20242637169731903,0.14497510883228354,0.29490109314953933,0.03402879187693398,0.12342587609689509,0.09338490939961827,0.716186866447716,0.9692021563188024,0.208858771493214,0.7171690047282078,2.5680076809872805,0.45586488250178353,0.47016440864244685,11.927462256463345,0.0,3.580756647396526,0,3.253052209817068,0.18029315380724797,24.25336492940231,0.2347216163589893,0.0,-0.009918675665918046,0.8487558358543082,0.0,0.0,0.0,0.0,0.0,0.0,4.1329883544672805,4.1329883544672805,4.917408499604416,33.91898470856254,-323.06257139694554,0.0,0.0,-0.6183417444857624,4.917408499604416,0.06666666666666668,5.089429021251571,4.1329883544672805,0.68,Strong Buy,Strong Buy,Neutral,Neutral,Strong Buy,Buy,Strong Buy,0.0
000038.SZ,3.82,0.681528,5779841,290465837.0945622,-0.15,"Shenzhen Capstone Industrial Co.,Ltd.",USD,SHZ,Internet Content & Information,Communication Services,CN,136,https://financialmodelingprep.com/image-stock/000038.SZ.png,False,False,0.0,0.0,-12.088870809549746,0.013499135526998876,-0.006820004378725248,1.793040029403863,0.5671659200983487,0.5671659200983487,0,13.505075348849285,13.505075348849285,8.683206335634829,-5.353187756466512,0.11104007877031664,0.07544424616563435,-0.10441212435938743,-0.07826473286293567,-0.06657980315058479,-0.05903282125982662,-0.09458146286601153,0.0644390233287167,0.7495751412311829,-1.383964048499543,0.07544424616563435,0.14452204719072034,0.028946784900737044,0.01423583283415355,0.02813244117724665,39.45037694017162,0.0,1.1613319995098355,0,42.03516372772165,27.026876235170374,12.988121143312265,0.754271037546506,0.0,-0.24093670565335434,0.3549348146979741,0.0,0.0,0.0,0.0,0.0,0.0,0.828773142020255,0.828773142020255,0.9461322445239518,-12.088870809549746,-16.09609338759612,0.0,0.0,-0.16345181302569703,0.9461322445239518,0.0,-14.630939632513833,0.828773142020255,0.0,Buy,Strong Buy,Neutral,Neutral,Neutral,Strong Buy,Buy,-1.32
000005.SZ,1.73,0.489775,5854869,266359764.40509072,0.0,Shenzhen Fountain Corporation,USD,SHZ,Real Estate—Development,Real Estate,CN,563,https://financialmodelingprep.com/image-stock/000005.SZ.png,False,False,0.0,0.0,-39.99134028053804,-0.29432597109746483,-0.23567942238709083,1.4854821288448252,0.05870271127028083,0.02791092605827665,0,25.164732439114065,25.164732439114065,441.8788654655049,-435.67386294627124,0.21181104083756133,0.011805024480864675,-0.05123710011635506,-0.1698028705947309,-2.2794242224069827,-0.019133133004360467,-0.031590168454840174,0.002041429833066915,3.314060909167832,-4.3402790226659596,0.011805024480864675,0.37207020439139854,0.11082573333486657,0.014495181751886419,0.09976878461588298,0.24825264939854294,0.0,1.7057404400839367,0,0.8260182337878605,14.504426020944809,1.6376159243270603,0.11267850147260221,0.0,0.2912001978030525,0.04624284363748158,0.0,0.0,0.0,0.0,0.0,0.0,1.3051637284629392,1.3051637284629392,6.790644378566049,-39.99134028053804,6.0260632070521245,0.0,0.0,0.3001121222978451,6.790644378566049,0.0,-1171.874566427355,1.3051637284629392,0.0,Strong Buy,Strong Buy,Neutral,Neutral,Buy,Strong Buy,Strong Buy,0.13
000014.SZ,9.47,0.682534,6926474,333398100.5036805,-0.13,"Shahe Industrial Co., Ltd",USD,SHZ,Real Estate—Development,Real Estate,CN,109,https://financialmodelingprep.com/image-stock/000014.SZ.png,False,False,0.005279831045406547,0.5279831045406547,7.385227582483905,0.010550325117834148,0.1212718043611969,1.8797724828443625,0.33171423471242406,0.33171423471242406,0,1085.5989410393306,1085.5989410393306,84.86209398369671,182.81983668353553,0.3665321583180595,0.14018989833833853,0.3593477804580854,0.2545876704676446,0.2549182586666977,0.0922514319916042,0.2514921504365853,0.09681747841696584,0.7084715262276119,2.5632929670212374,0.14018989833833853,0.5717590239466485,1.4137462326093106,0.1723370798188599,0.17539136217257864,323.1596867243538,0.0,2.4726260074580457,0,4.301095846988197,0.3362199300328686,5.555554198356999,0.3623562438123978,0.0,0.10204823959889937,2.1915861572318875,0.0,0.0,0.0,0.0,0.0,0.0,1.6845947087246922,1.6845947087246922,1.8801878860979722,7.385227582483905,114.47795496343903,0.0,0.0,0.01169012205679029,1.8801878860979722,0.005279831045406547,7.261850737114371,1.6845947087246922,0.05,Strong Buy,Strong Buy,Buy,Neutral,Buy,Buy,Strong Buy,0.0
000036.SZ,4.16,0.62611,8179118,897887598.031822,0.0,China Union Holdings Ltd.,USD,SHZ,Real Estate—Development,Real Estate,CN,806,https://financialmodelingprep.com/image-stock/000036.SZ.png,False,False,0.016346153846153847,1.6346153846153848,22.795549522776877,-0.8434353323427445,0.5710878417620487,2.892823416558918,1.530226348798156,0.9835486930733002,0,1645.4922387993165,1645.4922387993165,246.57529657250407,159.16251573417665,0.5716415585620955,0.36009443008243786,0.3619638785504684,0.20475396294599682,0.2536525502097818,0.03542242962829394,0.061082535873485215,0.08270217227030768,0.5656751269379717,1.0051915506374332,0.36009443008243786,0.3339231257510946,0.2077590895162512,0.1310521274907533,0.1720203071288545,7.348951552478468,0.0,1.8227952701019114,0,1.480278053291011,0.22181812310845864,2.0403416070726093,0.17299997088523503,0.0,-0.03033730650574925,1.9451732541373514,0.0,0.0,0.0,0.0,0.0,0.0,1.4718593300602374,1.4718593300602374,4.667479102320292,22.795549522776877,-116.38241922250079,0.0,0.0,-0.844355474134182,4.667479102320292,0.016346153846153847,13.616433519980943,1.4718593300602374,0.068,Strong Buy,Strong Buy,Neutral,Neutral,Buy,Strong Buy,Strong Buy,0.4
000025.SZ,18.25,0.588669,8496747,1042618046.2477334,0.05,"Shenzhen Tellus Holding Co., Ltd.",USD,SHZ,Auto & Truck Dealerships,Consumer Cyclical,CN,302,https://financialmodelingprep.com/image-stock/000025.SZ.png,False,False,0.0013698630136986301,0.136986301369863,63.902104775338884,0.502356146823757,0.09068529268036003,3.1482211766271995,2.3351594936217475,1.36271017788537,0,56.60207349049675,56.60207349049675,36.67753283139192,-22.720857176200944,0.16251937337282782,0.20403114269406633,0.20498551845263263,0.15499674356393967,0.24524532455712605,0.06002422884387432,0.08421340578197375,0.09107718999484118,0.7561350905857079,1.0046775984585712,0.20403114269406633,0.20937450901760907,0.09860268451050154,0.08812377560046233,0.08975281591855513,206.73851484681586,0.0,1.3823124735871852,0,9.951596299509008,6.448527014850118,1.7784677602878898,0.38726122538898994,0.0,-0.5692118811291469,1.4716807143299198,0.0,0.0,0.0,0.0,0.0,0.0,5.30210078979396,5.30210078979396,9.904618147059207,63.902104775338884,-29.203900426281738,0.0,0.0,-10.591884602845345,9.904618147059207,0.0013698630136986301,45.107320151308485,5.30210078979396,0.025,Buy,Strong Buy,Neutral,Neutral,Neutral,Strong Buy,Strong Buy,0.3
000019.SZ,7.6,0.206168,9533715,1216839520.8220396,0.01,"Shenzhen Cereals Holdings Co., Ltd.",USD,SHZ,Packaged Foods,Consumer Defensive,CN,1278,https://financialmodelingprep.com/image-stock/000019.SZ.png,False,False,0.03289473684210526,3.289473684210526,19.46597625065212,3.3377027571240068,0.7487282674383534,1.899846471256498,0.23883560124072778,0.04715335986567037,0,154.63063538715005,154.63063538715005,24.56880280120972,13.559299075073852,0.13551151539456005,0.05921998569972414,0.058453835859048134,0.050296083652012415,0.1280661087011949,0.058227172935722125,0.09626609895798227,0.09680180509936666,0.8604411141348053,0.987062647320437,0.05921998569972414,0.3879677999463543,0.31900452856625616,0.11824561144986548,0.24185248925036723,8.927766838514891,0.0,1.6588434882843117,0,14.856238741190436,2.360463688751885,3.729629356804282,1.1576880088434556,0.0,0.775348820810879,0.4672468711744511,0.0,0.0,0.0,0.0,0.0,0.0,1.8802141039691282,1.8802141039691282,0.979062369870886,19.46597625065212,9.358155659216523,0.0,0.0,3.890190096533408,0.979062369870886,0.03289473684210526,12.11665888470035,1.8802141039691282,0.25,Strong Buy,Strong Buy,Neutral,Neutral,Buy,Strong Buy,Strong Buy,0.37
000010.SZ,2.6,0.268856,10704087,400366180.081397,-0.06,"Shenzhen Ecobeauty Co., Ltd.",USD,SHZ,Engineering & Construction,Industrials,CN,290,https://financialmodelingprep.com/image-stock/000010.SZ.png,False,False,0.0,0.0,-1783.5977791763344,43.34142603398493,-35.356145254038886,1.2591079082050143,0.09326101846975948,0.09326101846975948,0,57.20018228130523,57.20018228130523,345.9108630284162,-331.8067084932998,0.1652228963316116,0.09423167503749076,0.0002051613709501844,-0.000952463540489588,24.975636084975402,-0.000270772511179367,-0.0011395908959617083,0.06863739877175203,-4.642509143306795,0.002177201783461447,0.09423167503749076,0.6438665872420695,2.3031114831607358,0.10542380903899577,0.20264788988239907,1.4604428950955126,0.0,3.5770010881071754,0,1.055185132968824,6.381098546241752,47.40708482823009,0.2842864841211494,0.0,-0.617438222511605,0.30612034797319765,0.0,0.0,0.0,0.0,0.0,0.0,1.7275099913251744,1.7275099913251744,1.6988118555636578,-1783.5977791763344,-5.41607041502067,0.0,0.0,16.9333058807292,1.6988118555636578,0.0,31.080890227003614,1.7275099913251744,0.0,Buy,Strong Buy,Neutral,Neutral,Strong Buy,Strong Sell,Strong Buy,0.0478
000026.SZ,11.4,0.467314,11730449,656489063.9401872,-0.09,"FIYTA Precision Technology Co., Ltd.",USD,SHZ,Luxury Goods,Consumer Cyclical,CN,4321,https://financialmodelingprep.com/image-stock/000026.SZ.png,False,False,0.02631578947368421,2.631578947368421,17.72170901422673,-0.626889061260968,0.504421311763022,3.1362480679613163,0.3365366895311949,0.3365366895311949,0,285.35586002400737,285.35586002400737,22.99963361776237,47.362085292266855,0.3709435351646241,0.07813003371938594,0.07788565141480294,0.06124839643392376,0.2136112965438602,0.06477341029138352,0.086804823011199,0.10681337575519634,0.78638870345614,0.9968721080364469,0.07813003371938594,0.23820406592636545,0.31268749972527526,0.013103113930286434,0.11396698956138468,20.192960271028287,0.0,1.312687499725275,0,15.869818018236359,1.2791046238520984,9.167305681506964,1.0575527534220854,0.0,0.873535946041484,0.7568096531628501,0.0,0.0,0.0,0.0,0.0,0.0,1.5068281119653006,1.5068281119653006,1.085426259189999,17.72170901422673,12.463439847600247,0.0,0.0,-0.7499937545056937,1.085426259189999,0.02631578947368421,12.42753266283212,1.5068281119653006,0.3,Buy,Strong Buy,Neutral,Neutral,Neutral,Strong Buy,Strong Buy,0.64
000017.SZ,4.21,0.0,11941655,307093662.99787164,-0.1,Shenzhen China Bicycle Company (Holdings) Limited,USD,SHZ,Leisure,Consumer Cyclical,CN,61,https://financialmodelingprep.com/image-stock/000017.SZ.png,False,False,0.0,0.0,-875.7310292995815,5.754803906825821,0.0,1.2837313259111247,0.2733646663589045,0.2733646663589045,0,24.869417002207154,24.869417002207154,24.26214115851863,-18.129956144275774,0.06431869836812425,0.01217561869275917,-0.0034155966195714045,-0.011749820619110334,-1.1011077579940391,-0.026694448815171523,-0.21912122429179834,0.1073250105560605,3.4400492586811153,-0.2805275613306334,0.01217561869275917,0.7426440619162779,7.459174698349596,0.0038308717818533373,0.11167666520955133,56.957675214796005,0.0,10.044077749847421,0,15.04401436028434,14.676660895090802,53.36185542343999,2.27190266817816,0.0,0.011052595089536052,0.03654176598806563,0.0,0.0,0.0,0.0,0.0,0.0,234.80198385940187,234.80198385940187,10.289682504858938,-875.7310292995815,338.10154987004915,0.0,0.0,18.817997392628993,10.289682504858938,0.0,-1185.4716454363083,234.80198385940187,0.0,Strong Buy,Strong Buy,Buy,Neutral,Strong Buy,Strong Buy,Strong Buy,-0.003
000027.SZ,6.4,0.37546,12966506,4428574402.36933,-0.05,"Shenzhen Energy Group Co., Ltd.",USD,SHZ,Utilities—Diversified,Utilities,CN,12808,https://financialmodelingprep.com/image-stock/000027.SZ.png,False,False,0.027343749999999997,2.7343749999999996,35.810429765124546,-0.8464283399029439,4.527610553826752,1.21489512514539,0.6643748090693541,0.6253672912704985,0,17.027443001155994,17.027443001155994,36.609748711384974,-32.41120112205884,0.1502145671626169,0.055559403862300606,0.05652428762558738,0.02912181752950492,0.3606676963975941,0.007639579649021298,0.02391891651275723,0.01869487336351722,0.5152089261594174,1.017366704755835,0.055559403862300606,0.6230734469431379,1.1523766644358089,0.5044805863345928,0.5353973045130905,0.8783743923740349,0.0,3.118077631186136,0,9.970021998170438,21.43598425055483,0.5706253909752349,0.26233182874939787,0.0,-1.6715557408170554,3.4251174789518357,0.0,0.0,0.0,0.0,0.0,0.0,0.853033171841227,0.853033171841227,1.0428648012731088,35.810429765124546,-2.958382733650116,0.0,0.0,-0.6100824224714949,1.0428648012731088,0.027343749999999997,-0.6476677825545766,0.853033171841227,0.175,Buy,Strong Buy,Neutral,Neutral,Buy,Strong Buy,Buy,0.45
000039.SZ,7.24,0.854844,16706341,4444393993.854135,0.02,"China International Marine Containers (Group) Co., Ltd.",USD,SHZ,Metal Fabrication,Industrials,CN,51543,https://financialmodelingprep.com/image-stock/000039.SZ.png,False,False,0.09530386740331491,9.53038674033149,40.82303221343147,1.65984467571419,4.136165735691014,1.267976663429557,0.3569396359213679,0.28526974119801257,0,56.26672669194715,56.26672669194715,60.23907062463495,-46.365083221141134,0.1622476068731032,0.0475314617324263,0.03963959605934446,0.006363643014799579,0.5739380657555448,0.006335047620675353,0.01945110209276931,0.08411784909817216,0.16053753437024346,0.8339654328850999,0.0475314617324263,0.6064297241373283,1.9799058067807151,0.31189319129471615,0.4392871471102204,5.881387474786283,0.0,3.2648561374481004,0,6.05919042600123,6.486959904355668,3.2993320863095494,0.9955064427627818,0.0,1.6488439020349035,4.371571001282239,0.0,0.0,0.0,0.0,0.0,0.0,0.8443435552102692,0.8443435552102692,0.2597832037879413,40.82303221343147,3.3409729594474262,0.0,0.0,-0.4638099550778881,0.2597832037879413,0.09530386740331491,2.204009731290809,0.8443435552102692,0.69,Buy,Strong Buy,Neutral,Neutral,Buy,Strong Buy,Buy,0.84
000016.SZ,5.02,0.343613,17855533,1353646539.7106786,-0.11,"Konka Group Co., Ltd.",USD,SHZ,Consumer Electronics,Technology,CN,14513,https://financialmodelingprep.com/image-stock/000016.SZ.png,False,False,0.009960159362549802,0.9960159362549802,10.366970065596202,0.11326028970342986,0.7826915699241902,1.2288471988523588,0.3668222048845148,0.3668222048845148,0,36.273520709247265,36.273520709247265,31.44677733903323,-22.502621547711982,0.021525967721048547,0.03581569847157062,0.03801843565307006,0.0277433229464779,0.40695387779255754,0.029760894823480568,0.12632189016846393,0.06429041660751363,0.7297334166940553,1.0615020026273647,0.03581569847157062,0.7369024784389813,2.369932503306475,0.5748474724378156,0.7032581516042739,1.5825098642943571,0.0,4.239768235680109,0,11.60691272319802,10.062436533957674,6.969388840580925,1.0727227910259682,0.0,-1.8988524308044563,2.401670268474679,0.0,0.0,0.0,0.0,0.0,0.0,1.308096990107531,1.308096990107531,0.28761419850630465,10.366970065596202,-2.0331059409551893,0.0,0.0,0.3602626460409657,0.28761419850630465,0.009960159362549802,-2.464729530092682,1.308096990107531,0.05,Buy,Strong Buy,Neutral,Neutral,Strong Buy,Strong Sell,Strong Buy,0.0
000035.SZ,4.83,0.600737,19185286,1773020977.0172203,-0.06,China Tianying Inc.,USD,SHZ,Waste Management,Industrials,CN,15326,https://financialmodelingprep.com/image-stock/000035.SZ.png,False,False,0.020703933747412008,2.070393374741201,36.50544425571844,2.9753653625350465,1.5451646248874786,0.7878899365025156,0.25598442139487276,0.25598442139487276,0,45.07962926076237,45.07962926076237,200.0689569947667,-188.953431971565,0.14092718294299308,0.06425389429906626,0.06589692441490869,0.04413970156448363,0.2912056094213447,0.012334625603296775,0.029458366071699556,0.025361785322746737,0.6698294640667228,1.025570903270003,0.06425389429906626,0.5895118047521813,1.460047287651378,0.25290827507793895,0.3904125647517918,1.6599144149529412,0.0,2.4767057688779484,0,1.8243709842979166,8.096783535833083,2.626992462270387,0.27944515178194257,0.0,-0.7290370104289896,0.8018649607579782,0.0,0.0,0.0,0.0,0.0,0.0,1.11521351905096,1.11521351905096,1.611339414926305,36.50544425571844,-7.015516901478356,0.0,0.0,-0.6666810738684925,1.611339414926305,0.020703933747412008,10.2746915489266,1.11521351905096,0.1,Strong Buy,Strong Buy,Neutral,Neutral,Buy,Strong Buy,Strong Buy,0.29
000031.SZ,3.94,0.78545,21366011,2456376987.7811394,-0.03,"Grandjoy Holdings Group Co., Ltd.",USD,SHZ,Real Estate—Development,Real Estate,CN,10186,https://financialmodelingprep.com/image-stock/000031.SZ.png,False,False,0.0,0.0,-21.634972308026715,-0.16931717458455692,-3.983963542784056,1.5079377245772592,0.24265809583560335,0.24265809583560335,0,1122.4893629347375,1122.4893629347375,186.68878246548354,90.08941661431476,0.2576038071181064,0.05554493008045815,0.04956591893991275,-0.020256055069364724,0.971243486387607,-0.0042699621355899685,-0.03400458291575943,0.022905196951487357,-0.4086690109371425,0.8923572118664176,0.05554493008045815,0.7611823506373219,4.032126554630865,0.7478221306212856,0.8012768579757319,0.9916330194927656,0.0,11.700396110249075,0,1.9551255044875768,0.3251701192479108,11.16538696321129,0.2107992953696035,0.0,0.13086478443534175,5.058871528535577,0.0,0.0,0.0,0.0,0.0,0.0,1.0808885898176357,1.0808885898176357,0.43823919049557003,-21.634972308026715,25.58733858485544,0.0,0.0,0.04569486318240751,0.43823919049557003,0.0,-8.339452433795609,1.0808885898176357,0.0,Strong Buy,Strong Buy,Neutral,Neutral,Strong Buy,Strong Buy,Buy,0.18
000012.SZ,6.75,0.519611,22858344,2357436975.932741,0.02,"CSG Holding Co., Ltd.",USD,SHZ,Specialty Chemicals,Basic Materials,CN,11910,https://financialmodelingprep.com/image-stock/000012.SZ.png,False,False,0.02962962962962963,2.9629629629629632,12.923243122955629,0.1292324312295563,0.5124624170722545,1.3289477697160241,0.6741463300637793,0.58677375169281,0,63.314907188369844,63.314907188369844,96.38829839924668,-80.776403476087,0.2850569089080267,0.14022610433039198,0.13991659648298574,0.11772381962460303,0.1522097265556023,0.06717730727868355,0.13925057924397685,0.11055750868872376,0.8413856724918161,0.9977927943667536,0.14022610433039198,0.4771657167994282,0.9509230947886066,0.25651339228646003,0.35810733192734645,10.247139016698172,0.0,1.992857117160237,0,3.7867667140273187,5.764835110854366,1.1001837991695733,0.5706347916071541,0.0,-0.14795469980255646,1.447901950765162,0.0,0.0,0.0,0.0,0.0,0.0,1.7300962643477713,1.7300962643477713,1.5213735423717198,12.923243122955629,-34.261389638996484,0.0,0.0,5.160801134676078,1.5213735423717198,0.02962962962962963,6.129359824775258,1.7300962643477713,0.2,Strong Buy,Strong Buy,Neutral,Neutral,Buy,Strong Buy,Strong Buy,0.5
000009.SZ,11.6,1.072795,23764144,4351709765.445062,-0.14,"China Baoan Group Co., Ltd.",USD,SHZ,Conglomerates,Industrials,CN,14335,https://financialmodelingprep.com/image-stock/000009.SZ.png,False,False,0.0030172413793103452,0.30172413793103453,41.653209330117626,0.7735596018450415,0.9236935245522288,1.4488530060646534,0.45009633352020545,0.3849463179465346,0,219.8244776058034,219.8244776058034,177.01702860692208,-122.81373275891576,0.21648541602777088,0.07600338136317018,0.07573396452536141,0.025755499574175746,0.1482432819021352,0.014488325340717138,0.08661865990389613,0.0803433114042921,0.34007858608208574,0.9964551993217063,0.07600338136317018,0.6366220736313857,3.670955440176349,0.4148239921265074,0.6546894644027437,3.441802634038721,0.0,5.766302477130083,0,2.061948519147875,1.660415636945264,2.8645468947021393,0.5625332678556987,0.0,-1.5465713734066349,4.047682830622297,0.0,0.0,0.0,0.0,0.0,0.0,3.4798784819515944,3.4798784819515944,1.0727992151648977,41.653209330117626,-7.4975195511706625,0.0,0.0,-1.3570580182308878,1.0727992151648977,0.0030172413793103452,13.680534053053506,3.4798784819515944,0.035,Strong Buy,Strong Buy,Neutral,Neutral,Strong Buy,Strong Buy,Strong Buy,0.0
000008.SZ,2.37,0.389205,24411474,936384221.4710835,-0.03,"China High-Speed Railway Technology Co., Ltd.",USD,SHZ,Infrastructure Operations,Industrials,CN,2240,https://financialmodelingprep.com/image-stock/000008.SZ.png,False,False,0.0,0.0,-4.376689431894356,0.06565034147841534,-0.12182754874524665,1.1026715984649746,0.177456001979689,0.177456001979689,0,316.3153827440632,316.3153827440632,344.1587740672967,-266.16320023999344,0.34902740953278755,-0.02041654663767595,-0.6838115724114444,-0.6941386069560117,-0.003936062295321874,-0.12327687158140914,-0.28320737560286147,-0.006319363865518615,1.01510216404813,33.493008614373764,-0.02041654663767595,0.5667395666133456,0.8180387579668423,0.231769243039377,0.4499567208796336,-0.233940486606055,0.0,2.3710585059563747,0,1.0605570088665763,1.1539116334893154,1.598942520305952,0.17759690981893667,0.0,0.2204725868102829,0.33223622291324784,0.0,0.0,0.0,0.0,0.0,0.0,1.2792917682349898,1.2792917682349898,3.038029105334246,-4.376689431894356,10.74951017548924,0.0,0.0,0.798158684964076,3.038029105334246,0.0,-2.5178471664229782,1.2792917682349898,0.0,Buy,Strong Buy,Neutral,Neutral,Buy,Strong Sell,Strong Buy,-0.54
000040.SZ,4.11,0.407308,36832225,888853235.6410171,-0.09,"Tunghsu Azure Renewable Energy Co.,Ltd.",USD,SHZ,Utilities—Renewable,Utilities,CN,425,https://financialmodelingprep.com/image-stock/000040.SZ.png,False,False,0.0,0.0,-10.555622333056508,-0.2502586427443577,-0.05555843180663923,1.2305415786339826,0.30760833577403235,0.30760833577403235,0,11.950871127049604,11.950871127049604,395.7318503757408,-392.78506023482447,0.18417219046171812,0.10675515031549536,-0.1417422294988492,-0.15237824449182244,-0.09043440459891192,-0.021765448895460473,-0.050376182074047884,0.025921782896128964,1.0750377289152178,-1.3277320024369403,0.10675515031549536,0.5705618397094862,0.7598859530830936,0.2106216996618091,0.4317813616000919,0.6822260111571197,0.0,2.327936170362376,0,0.9223417312845518,30.541706635414965,0.5851931846104232,0.1428382966876124,0.0,0.20253477370484174,2.265752635713115,0.0,0.0,0.0,0.0,0.0,0.0,0.5348383497488702,0.5348383497488702,1.6084472006298256,-10.555622333056508,20.30662218654457,0.0,0.0,-5.306907033657997,1.6084472006298256,0.0,12.469828418484452,0.5348383497488702,0.0,Buy,Strong Buy,Neutral,Neutral,Buy,Strong Buy,Buy,-0.41
000006.SZ,5.06,1.020449,38779893,993572396.7523229,-0.05,"Shenzhen Zhenye (Group) Co.,Ltd.",USD,SHZ,Real Estate—Development,Real Estate,CN,403,https://financialmodelingprep.com/image-stock/000006.SZ.png,False,False,0.02391304347826087,2.391304347826087,37.80684336341513,-1.0068724812585197,3.03313160436164,2.201449495445216,0.437691026459041,0.41483077394843726,0,4496.189894016095,4496.189894016095,230.30385706172245,878.3457058463557,0.38902857907358823,0.13073049659673175,0.13106234588404952,0.0794440638235526,0.39289892946350646,0.006867483982634325,0.0235322284830447,0.018325941834854934,0.6061547524400068,1.0025384229078655,0.13073049659673175,0.6870539489847416,2.3535543923452624,0.5087988255585298,0.5469041781907202,1.2300861962873535,0.0,3.4255743611154634,0,1.584862731596277,0.08117984529207106,26.48491459978006,0.08644426848413989,0.0,0.7901192546553607,3.269885645755514,0.0,0.0,0.0,0.0,0.0,0.0,0.8894089033791723,0.8894089033791723,3.0035292771302076,37.80684336341513,6.401652891684813,0.0,0.0,-0.5673315227790352,3.0035292771302076,0.02391304347826087,3.22825736466235,0.8894089033791723,0.121,Buy,Strong Buy,Neutral,Neutral,Strong Buy,Strong Sell,Buy,0.4
000034.SZ,29.26,-0.087831,40398449,2846559251.372071,1.07,"Digital China Group Co., Ltd.",USD,SHZ,Information Technology Services,Technology,CN,5279,https://financialmodelingprep.com/image-stock/000034.SZ.png,False,False,0.006556459330143541,0.655645933014354,21.574398472550325,-0.3501978744820069,1.0691479942262303,1.1306939441060062,0.1897561576419036,0.18330469109739936,0,37.64290490735696,37.64290490735696,39.95228036987446,-30.670468200937126,0.03576010764830947,0.012295383601086824,0.009824388714832955,0.007225357506677455,0.22612544704127546,0.023183960393994184,0.1319058810294827,0.13498441823002835,0.7354511019875,0.7990306796092599,0.012295383601086824,0.7981476342832077,4.2743596421036605,0.3077140067274881,0.6461236422215187,3.9818819097193123,0.0,5.355349635211704,0,9.135899043080002,9.696382383301778,288.3445928834103,3.2086938774404277,0.0,0.9191854169998628,7.856162441692764,0.0,0.0,0.0,0.0,0.0,0.0,2.6786387789970747,2.6786387789970747,0.15588274195569213,21.574398472550325,33.06340971657793,0.0,0.0,0.08149386532222047,0.15588274195569213,0.006556459330143541,7.665611486491242,2.6786387789970747,0.191842,Strong Buy,Strong Buy,Neutral,Neutral,Strong Buy,Strong Buy,Strong Buy,0.0
000032.SZ,38.21,0.0,46621010,6324398719.250127,0.09,"Shenzhen SED Industry Co., Ltd.",USD,SHZ,Electronic Components,Technology,CN,20696,https://financialmodelingprep.com/image-stock/000032.SZ.png,False,False,0.002617115938236064,0.2617115938236064,-223.3190888516183,-157.63700389526016,-2.8130775234097496,1.2385038589581894,0.25947733920940586,0.24572681659796444,0,10.02468214771575,10.02468214771575,173.12296835167325,-170.65112891798992,0.11915022167306295,0.028155066330452862,0.021744744056911906,-0.00406583480090213,0.4092946450037758,-0.004126361163237324,-0.02964479288798347,0.07741320980373279,-0.18698011759810718,0.7723208250229738,0.028155066330452862,0.8057130808771306,7.127879798334269,0.5611415272817348,0.6474331104396228,3.5545343836015113,0.0,8.846672553180573,0,2.1083279906485743,36.41013197442573,8.712093372811143,1.014886576877586,0.0,0.20213952546016706,6.7878959099619784,0.0,0.0,0.0,0.0,0.0,0.0,8.152166428611647,8.152166428611647,0.9079785231586646,-223.3190888516183,188.901651130131,0.0,0.0,1.4801634599821667,0.9079785231586646,0.002617115938236064,67.07885644186328,8.152166428611647,0.1,Buy,Strong Buy,Neutral,Neutral,Strong Buy,Strong Sell,Strong Buy,1.12
000021.SZ,19.8,0.418706,63355567,4494374199.931318,-0.34,"Shenzhen Kaifa Technology Co., Ltd.",USD,SHZ,Computer Hardware,Technology,CN,26917,https://financialmodelingprep.com/image-stock/000021.SZ.png,False,False,0.007575757575757575,0.7575757575757575,37.055681437370964,-4.104304183538466,0.6494901753891081,1.2132618394304047,0.6073575301012842,0.6073575301012842,0,126.58870637837124,126.58870637837124,86.76532940543912,-55.551675777895525,0.11590192029851618,0.060829490647919475,0.06076510840509551,0.05137139946351736,0.15101856591933346,0.029283044763157347,0.08261522331550787,0.06899235045665503,0.8454094925832398,0.9989415949050666,0.060829490647919475,0.5815719462061246,1.607666727525343,0.16316735825413617,0.5204931612683995,4.669847251890959,0.0,2.7643471078908317,0,4.2067494297684185,2.883353582183089,2.2383826025536924,0.5700262221579813,0.0,-0.5213940497350708,5.512630923207278,0.0,0.0,0.0,0.0,0.0,0.0,2.999601832585718,2.999601832585718,1.903602213512029,37.055681437370964,-37.97419213598011,0.0,0.0,11.099619155105769,1.903602213512029,0.007575757575757575,23.71332226203486,2.999601832585718,0.15,Strong Buy,Strong Buy,Neutral,Neutral,Buy,Strong Buy,Strong Buy,0.53
000002.SZ,15.9,0.767683,78244564,26132629663.670433,-0.03,"China Vanke Co., Ltd.",USD,SHZ,Real Estate—Development,Real Estate,CN,131817,https://financialmodelingprep.com/image-stock/000002.SZ.png,False,False,0.06139157232704403,6.139157232704403,8.078156082867924,-0.1761621989155535,1.0426897094784209,1.26868219513944,0.10172489278620062,0.10170935627161644,0,866.195857865734,866.195857865734,264.4145667290101,-50.83202643334971,0.2025295806367405,0.1079148655950284,0.10954540961766913,0.044096935966080004,0.2839398623189463,0.012487917654423688,0.0827961297072269,0.0843088701052612,0.40254480876912424,1.0151095404108612,0.1079148655950284,0.7784769514519497,5.917106932683596,0.514625303348822,0.5722181877661325,9.332263333797277,0.0,7.600876200184868,0,1.3804080634259333,0.421382758513003,12.39245207187125,0.2831924119179068,0.0,-1.1673930507034107,10.221455597195108,0.0,0.0,0.0,0.0,0.0,0.0,0.766771435017851,0.766771435017851,0.3562219315102265,8.078156082867924,-13.23647186953024,0.0,0.0,4.879100155001916,0.3562219315102265,0.06139157232704403,-0.5333785193312369,0.766771435017851,0.976126,Strong Buy,Strong Buy,Neutral,Neutral,Strong Buy,Strong Buy,Buy,3.24
000001.SZ,13.0,1.072745,100389687,36693772883.98242,0.07,"Ping An Bank Co., Ltd.",USD,SHZ,Banks—Regional,Financial Services,CN,44207,https://financialmodelingprep.com/image-stock/000001.SZ.png,False,False,0.017538461538461537,1.7538461538461538,5.548905879251253,0.21963512420922812,0.26116091044907286,0.0,0.0,0.0,0,0.0,0.0,0.0,0.0,0.0,0.0,0.31851460361613354,0.25321835883171073,0.20500235795504165,0.00855320497136717,0.10847880967886664,0.0,0.7949976420449584,0.0,0.0,0.9183164791072616,11.242371399650317,0.6337868452069533,0.6337868452069533,0.0,0.17888575913989357,12.242371399650317,0,0.0,0.0,10.205530006245388,0.03377798122865034,6.926703726580193,6.744338068766728,27.490323244801317,0.7486620305980528,0.9736720863181048,0.17888575913989357,0.0,37.98250070561671,8.72145171743357,0.5810343241004878,0.5810343241004878,1.4050848400556328,5.548905879251253,1.9253500911096018,1.876794578366971,1.876794578366971,0.3140648828166502,1.4050848400556328,0.017538461538461537,0.21845819634489524,0.5810343241004878,0.228,Buy,Strong Buy,Neutral,Neutral,Strong Buy,Buy,Buy,2.17
